timestamp,gcc_mean,gcc_median,gcc_90th,rcc_median,bcc_median,exg_median,is_outlier
2026-06-08 15:33:33,0.5484,0.5278,0.6716,0.3801,0.0809,101.0,0
2026-06-08 15:35:09,0.5501,0.5304,0.6727,0.378,0.0797,100.0,0
2026-06-08 16:17:07,0.552,0.5353,0.675,0.3864,0.0634,102.0,0
2026-06-08 18:10:15,0.5166,0.4949,0.6239,0.3855,0.097,83.0,1
2026-06-08 19:46:50,,,,,,,0
2026-06-08 23:31:37,,,,,,,0
2026-06-09 03:50:06,,,,,,,0
2026-06-09 07:15:47,0.4767,0.4647,0.5563,0.4096,0.1241,105.0,0
2026-06-09 09:59:46,0.5334,0.4944,0.6833,0.368,0.1268,105.0,0
2026-06-09 12:39:46,0.5309,0.5061,0.6484,0.3721,0.1128,100.0,0
2026-06-09 15:14:27,0.5411,0.5227,0.65,0.3802,0.0888,100.0,0
2026-06-09 17:18:36,0.5574,0.5425,0.6667,0.4023,0.0132,109.0,0
2026-06-09 18:58:24,0.4473,0.4321,0.5251,0.343,0.2237,52.0,0
2026-06-09 20:21:16,,,,,,,0
2026-06-10 00:57:45,,,,,,,0
2026-06-10 04:55:12,,,,,,,0
2026-06-10 08:22:06,0.5239,0.5,0.6471,0.3767,0.1138,105.0,0
2026-06-10 12:21:55,0.5503,0.5274,0.6778,0.3706,0.0899,102.0,0
2026-06-10 15:11:02,0.5664,0.5473,0.6869,0.3649,0.0747,97.0,0
2026-06-10 17:35:40,0.5434,0.5251,0.6557,0.367,0.1007,97.0,0
2026-06-10 19:25:45,0.483,0.463,0.5795,0.3418,0.1921,64.0,1
2026-06-10 22:01:21,,,,,,,0
2026-06-11 03:14:49,,,,,,,0
2026-06-11 07:55:29,0.4925,0.4721,0.5949,0.38,0.1461,105.0,1
2026-06-11 12:01:48,0.5597,0.5381,0.6951,0.3675,0.0792,110.0,0
2026-06-11 15:18:56,0.5596,0.5411,0.6786,0.3736,0.0743,100.0,0
2026-06-11 17:35:09,0.6108,0.5793,0.8182,0.3333,0.0779,100.0,1
2026-06-11 19:22:35,0.5507,0.5118,0.7255,0.3226,0.1653,78.0,0
2026-06-12 02:47:14,,,,,,,0
2026-06-12 07:01:45,0.6031,0.5668,0.8,0.3311,0.0943,120.0,0
2026-06-12 10:20:20,0.5903,0.5508,0.7949,0.3434,0.0946,127.0,0
2026-06-12 13:22:38,0.6152,0.6048,0.791,0.3487,0.022,125.0,0
2026-06-12 15:30:06,0.5704,0.5481,0.7121,0.3652,0.0729,117.0,1
2026-06-12 17:17:41,0.5841,0.5503,0.7805,0.3627,0.0687,96.0,0
2026-06-12 18:57:22,0.5831,0.5333,0.8246,0.2973,0.1705,91.0,1
2026-06-12 20:22:32,,,,,,,0
2026-06-13 01:02:42,,,,,,,0
2026-06-13 04:37:05,,,,,,,0
2026-06-13 07:14:38,0.4734,0.4556,0.5616,0.3959,0.1491,121.0,0
2026-06-13 09:05:33,0.4855,0.4503,0.6186,0.3573,0.1904,109.0,0
2026-06-13 11:17:19,0.5391,0.495,0.7042,0.3514,0.1473,114.0,0
2026-06-13 12:56:09,0.5333,0.4958,0.675,0.3559,0.1418,111.0,0
2026-06-13 14:08:54,0.5417,0.5039,0.6901,0.3557,0.1328,109.0,0
2026-06-13 16:01:39,0.5645,0.5288,0.7385,0.3608,0.1032,106.0,0
2026-06-13 17:45:59,0.5356,0.5015,0.6721,0.3646,0.1153,84.0,0
2026-06-13 19:04:52,0.4186,0.4067,0.4786,0.3161,0.28,38.0,0
2026-06-13 21:43:49,,,,,,,0
2026-06-14 02:41:40,,,,,,,0
2026-06-14 06:25:12,0.5004,0.4837,0.6,0.4014,0.1104,125.0,0
2026-06-14 08:23:24,0.4781,0.4545,0.5874,0.3725,0.1735,108.0,0
2026-06-14 10:41:14,0.5429,0.4982,0.7108,0.3548,0.1392,115.0,0
2026-06-14 12:22:00,0.5605,0.5306,0.7027,0.3538,0.1076,116.0,0
2026-06-14 13:57:26,0.6202,0.6009,0.8154,0.3419,0.0369,124.0,0
2026-06-14 15:44:13,0.6048,0.5723,0.8,0.3357,0.0833,110.0,0
2026-06-14 17:13:26,0.5812,0.5497,0.7544,0.3433,0.098,104.0,0
2026-06-14 18:41:19,0.6111,0.567,0.8542,0.3202,0.108,105.0,0
2026-06-14 20:09:34,,,,,,,0
2026-06-15 01:37:08,,,,,,,0
2026-06-15 08:14:32,0.6268,0.5833,0.9091,0.3194,0.0899,120.0,0
2026-06-15 13:31:17,0.6061,0.5691,0.8197,0.3321,0.0892,106.0,0
2026-06-15 16:55:42,0.5649,0.5306,0.7308,0.3528,0.1087,99.0,0
2026-06-15 19:03:18,0.4152,0.4043,0.473,0.3198,0.2784,39.0,0
2026-06-15 22:07:33,,,,,,,0
2026-06-16 04:27:10,,,,,,,0
2026-06-16 09:13:22,0.4958,0.4596,0.6311,0.3586,0.1806,108.0,0
2026-06-16 14:16:13,0.5504,0.5112,0.7077,0.3545,0.1277,114.0,0
2026-06-16 17:26:26,0.5607,0.5333,0.7083,0.36,0.1,96.0,0
2026-06-16 19:05:30,0.4275,0.4133,0.4949,0.3196,0.2688,42.0,0
2026-06-16 22:02:03,,,,,,,0
2026-06-17 03:33:45,,,,,,,0
2026-06-17 08:16:59,0.5653,0.5306,0.7303,0.3468,0.1144,114.0,0
2026-06-17 12:12:26,0.6255,0.6,0.8519,0.3319,0.053,117.0,0
2026-06-17 14:41:57,0.5584,0.5304,0.6974,0.3652,0.0942,113.0,0
2026-06-17 17:06:45,0.6242,0.5976,0.8542,0.331,0.0543,105.0,0
2026-06-17 18:57:57,0.4627,0.4436,0.5465,0.3264,0.2329,53.0,0
2026-06-17 20:21:15,,,,,,,0
2026-06-18 01:17:15,,,,,,,0
2026-06-18 05:54:19,0.6536,0.6348,0.9286,0.33,0.0097,132.0,0
2026-06-18 08:52:45,0.6492,0.6316,0.8909,0.3302,0.0134,135.0,0
2026-06-18 12:32:38,0.6268,0.5981,0.859,0.3284,0.0643,119.0,0
2026-06-18 15:28:41,0.6116,0.5842,0.8103,0.3363,0.0708,114.0,0
2026-06-18 17:35:16,0.6143,0.5809,0.8214,0.3281,0.0824,123.0,0
2026-06-18 19:46:10,0.5964,0.551,0.8095,0.3182,0.1277,88.0,0
2026-06-19 05:19:39,,,,,,,0
2026-06-19 08:59:19,0.5332,0.489,0.6957,0.3547,0.1487,105.0,0
2026-06-19 12:12:14,0.562,0.5231,0.7273,0.3525,0.1151,116.0,0
2026-06-19 14:16:21,0.5653,0.5297,0.7284,0.3545,0.107,109.0,0
2026-06-19 16:15:04,0.5696,0.5431,0.7213,0.3712,0.0719,109.0,0
2026-06-19 17:44:16,0.4801,0.4637,0.5497,0.4433,0.0904,73.0,0
2026-06-19 18:58:12,0.4297,0.4151,0.5053,0.3195,0.2685,40.0,0
2026-06-19 20:16:38,,,,,,,0
2026-06-20 00:51:56,,,,,,,0
2026-06-20 04:22:01,,,,,,,0
2026-06-20 06:58:01,0.4833,0.4687,0.5714,0.4061,0.1224,113.0,0
2026-06-20 08:54:45,0.4996,0.4607,0.6383,0.3619,0.1743,106.0,0
2026-06-20 11:03:15,0.5486,0.5059,0.71,0.3578,0.1271,122.0,0
2026-06-20 13:01:21,0.5584,0.5042,0.7736,0.3465,0.1404,105.0,0
2026-06-20 14:54:51,0.551,0.5082,0.7206,0.3598,0.125,105.0,0
2026-06-20 16:15:06,0.5804,0.5508,0.7619,0.3641,0.067,107.0,0
2026-06-20 17:47:29,0.5629,0.5287,0.7288,0.3619,0.0764,89.0,0
2026-06-20 19:09:27,0.4294,0.4148,0.5,0.3223,0.267,40.0,0
2026-06-20 21:58:50,,,,,,,0
2026-06-21 02:59:24,,,,,,,0
2026-06-21 06:38:44,0.4795,0.4701,0.5522,0.4218,0.104,119.0,0
2026-06-21 09:06:08,0.5175,0.4772,0.6607,0.3652,0.1532,108.0,0
2026-06-21 11:25:58,0.544,0.5,0.7143,0.3564,0.1381,109.0,0
2026-06-21 13:05:27,0.535,0.4955,0.6848,0.3601,0.137,105.0,0
2026-06-21 15:01:10,0.5991,0.5732,0.7843,0.3466,0.0662,93.0,0
2026-06-21 16:52:38,0.5764,0.5492,0.7368,0.3752,0.0462,106.0,0
2026-06-21 18:15:23,0.6152,0.5672,0.9091,0.3137,0.1156,91.0,0
2026-06-21 19:51:18,0.3823,0.376,0.412,0.3574,0.267,27.0,1
2026-06-22 00:15:16,,,,,,,0
2026-06-22 06:21:52,0.5136,0.4979,0.6154,0.4038,0.0887,123.0,1
2026-06-22 11:36:02,0.6286,0.6148,0.8542,0.3464,0.0065,122.0,0
2026-06-22 15:28:06,0.6463,0.6219,0.92,0.3261,0.0359,143.0,0
2026-06-22 17:39:14,0.6219,0.5843,0.8367,0.3253,0.0818,121.0,0
2026-06-22 19:20:07,0.6657,0.6414,1.0,0.3164,0.0303,111.0,0
2026-06-22 21:30:47,,,,,,,0
2026-06-23 02:07:25,,,,,,,0
2026-06-23 06:10:19,0.3632,0.3621,0.3781,0.3167,0.3203,31.0,0
2026-06-23 09:21:50,0.4407,0.4337,0.493,0.3158,0.2524,72.0,0
2026-06-23 12:09:41,0.6434,0.6211,0.8909,0.3364,0.0138,133.0,0
2026-06-23 14:20:21,0.64,0.6195,0.9048,0.3363,0.0179,124.0,0
2026-06-23 16:33:01,0.6486,0.6277,0.9074,0.3398,0.0,134.0,0
2026-06-23 18:13:30,0.6643,0.6446,0.9535,0.3333,0.0,130.0,0
2026-06-23 19:35:22,0.6561,0.6293,0.9811,0.3183,0.0411,114.0,0
2026-06-23 23:35:41,,,,,,,0
2026-06-24 03:41:22,,,,,,,0
2026-06-24 06:50:22,0.5716,0.5469,0.7164,0.3605,0.0811,122.0,0
2026-06-24 09:22:45,0.5132,0.4752,0.6543,0.3627,0.157,113.0,0
2026-06-24 11:42:09,0.5438,0.5,0.7111,0.3557,0.1371,112.0,0
2026-06-24 13:54:34,0.6039,0.5736,0.7931,0.3437,0.0714,112.0,0
2026-06-24 15:46:01,0.5792,0.5485,0.7544,0.3684,0.0636,105.0,0
2026-06-24 17:22:31,0.5936,0.5544,0.8444,0.3743,0.0331,97.0,0
2026-06-24 18:47:33,0.4533,0.4337,0.5459,0.3333,0.2319,48.0,1
2026-06-24 20:13:37,,,,,,,0
2026-06-25 00:45:33,,,,,,,0
2026-06-25 04:23:16,,,,,,,0
2026-06-25 07:15:45,0.5073,0.4875,0.614,0.3891,0.1208,117.0,1
2026-06-25 09:36:34,0.5445,0.5,0.7143,0.3583,0.1316,114.0,0
2026-06-25 12:24:29,0.5978,0.5664,0.7963,0.3477,0.0743,108.0,0
2026-06-25 14:33:38,0.559,0.5167,0.7368,0.365,0.1087,103.0,0
2026-06-25 16:57:45,0.5796,0.5556,0.7414,0.3688,0.0508,108.0,0
2026-06-25 18:24:47,0.5837,0.5432,0.7963,0.3473,0.0792,82.0,0
2026-06-25 19:52:56,,,,,,,0
2026-06-25 23:41:26,,,,,,,0
2026-06-26 03:53:23,,,,,,,0
2026-06-26 06:51:31,0.5822,0.539,0.7794,0.3167,0.1443,104.0,0
2026-06-26 09:11:47,0.6476,0.6266,0.9167,0.3432,0.0,143.0,0
2026-06-26 11:39:08,0.6278,0.6042,0.875,0.3391,0.0366,125.0,0
2026-06-26 13:48:37,0.5734,0.5464,0.7273,0.3613,0.078,123.0,0
2026-06-26 15:48:19,0.5784,0.5482,0.7541,0.3693,0.0677,109.0,0
2026-06-26 17:19:32,0.6102,0.5843,0.8235,0.3577,0.0183,108.0,0
2026-06-26 18:45:21,0.6202,0.5802,0.8837,0.3278,0.0811,99.0,0
2026-06-26 20:07:17,,,,,,,0
2026-06-27 00:34:50,,,,,,,0
2026-06-27 03:49:25,,,,,,,0
2026-06-27 06:08:38,0.6034,0.557,0.8491,0.326,0.1128,96.0,0
2026-06-27 07:54:49,0.4838,0.4622,0.587,0.3813,0.1556,112.0,0
2026-06-27 09:43:05,0.515,0.4751,0.6613,0.3609,0.1591,111.0,0
2026-06-27 11:16:01,0.5575,0.5188,0.72,0.3585,0.1129,125.0,0
2026-06-27 12:38:58,0.6485,0.625,0.9429,0.3435,0.0,115.0,0
2026-06-27 14:03:33,0.6166,0.596,0.8302,0.3525,0.025,118.0,0
2026-06-27 15:53:08,0.6127,0.5806,0.8621,0.3568,0.0317,105.0,0
2026-06-27 17:03:59,0.6237,0.5818,0.9091,0.3233,0.086,100.0,0
2026-06-27 18:36:02,0.5525,0.5071,0.7471,0.322,0.1589,73.0,0
2026-06-27 20:02:25,,,,,,,0
2026-06-28 01:01:47,,,,,,,0
2026-06-28 04:32:09,,,,,,,0
2026-06-28 07:07:11,0.4176,0.4108,0.4591,0.315,0.2747,58.0,1
2026-06-28 08:55:29,0.579,0.5444,0.7529,0.3573,0.0833,132.0,0
2026-06-28 10:49:14,0.5477,0.5017,0.717,0.356,0.1348,114.0,0
2026-06-28 12:11:07,0.5631,0.5285,0.7188,0.3618,0.0975,118.0,0
2026-06-28 13:44:15,0.5916,0.5573,0.8033,0.3529,0.0742,109.0,0
2026-06-28 15:19:55,0.6319,0.6119,0.8824,0.3414,0.0165,112.0,0
2026-06-28 16:41:36,0.6325,0.6056,0.9057,0.3333,0.0429,106.0,0
2026-06-28 18:02:28,0.5657,0.5172,0.7857,0.3483,0.1077,81.0,0
2026-06-28 19:38:26,0.438,0.425,0.5,0.3487,0.2237,48.0,1
2026-06-28 23:56:01,,,,,,,0
2026-06-29 05:00:21,,,,,,,0
2026-06-29 09:14:17,0.528,0.4885,0.6707,0.3644,0.1421,113.0,0
2026-06-29 12:45:43,0.5585,0.5197,0.7222,0.3571,0.1131,115.0,0
2026-06-29 15:04:29,0.5861,0.5513,0.7797,0.3568,0.0794,105.0,0
2026-06-29 17:08:29,0.5822,0.542,0.8293,0.3579,0.0905,93.0,0
2026-06-29 18:36:55,0.492,0.462,0.6066,0.3286,0.2074,55.0,0
2026-06-29 20:04:22,,,,,,,0
2026-06-30 00:45:14,,,,,,,0
2026-06-30 04:30:21,,,,,,,0
2026-06-30 07:31:14,0.5129,0.4847,0.6338,0.3795,0.1313,112.0,0
2026-06-30 10:18:48,0.556,0.5064,0.75,0.3504,0.1367,116.0,0
2026-06-30 12:36:27,0.6335,0.6142,0.875,0.338,0.024,112.0,0
2026-06-30 14:56:34,0.6165,0.5891,0.8462,0.3404,0.0588,99.0,0
2026-06-30 16:58:08,0.6334,0.5972,0.9143,0.3217,0.0704,111.0,0
2026-06-30 18:19:00,0.6419,0.6154,0.92,0.3322,0.0328,122.0,0
2026-06-30 19:44:34,0.6337,0.5862,0.9459,0.3113,0.0957,114.0,0
2026-06-30 23:54:39,,,,,,,0
2026-07-01 04:14:06,,,,,,,0
2026-07-01 07:38:27,0.6054,0.5714,0.8167,0.3355,0.0825,121.0,0
2026-07-01 10:35:42,0.5597,0.4984,0.8039,0.3422,0.1522,109.0,0
2026-07-01 13:13:19,0.5559,0.512,0.7313,0.3539,0.1269,105.0,0
2026-07-01 15:17:59,0.617,0.5598,1.0,0.3257,0.1111,86.0,1
2026-07-01 17:06:43,0.576,0.5417,0.7755,0.3616,0.0899,92.0,0
2026-07-01 18:47:00,0.4994,0.4681,0.6195,0.324,0.2028,57.0,1
2026-07-01 20:07:05,,,,,,,0
2026-07-02 00:39:50,,,,,,,0
2026-07-02 04:11:21,,,,,,,0
2026-07-02 07:06:35,0.4936,0.4746,0.594,0.392,0.1321,116.0,0
2026-07-02 09:16:49,0.5105,0.4679,0.6613,0.3587,0.1697,108.0,0
2026-07-02 11:40:39,0.5536,0.5069,0.7407,0.3486,0.1385,110.0,0
2026-07-02 13:47:57,0.5648,0.5187,0.7544,0.3524,0.1203,106.0,0
2026-07-02 15:24:35,0.5808,0.5346,0.8125,0.3556,0.1018,101.0,0
2026-07-02 16:41:48,0.5771,0.5376,0.7917,0.3576,0.0945,95.0,0
2026-07-02 18:06:16,0.5401,0.4953,0.7213,0.3403,0.1543,67.0,0
2026-07-02 19:37:06,0.4101,0.4025,0.4515,0.332,0.2688,36.0,1
2026-07-02 22:57:58,,,,,,,0
2026-07-03 02:37:46,,,,,,,0
2026-07-03 05:58:57,0.539,0.5065,0.6935,0.4048,0.0772,99.0,0
2026-07-03 08:15:26,0.513,0.4777,0.6491,0.3655,0.156,107.0,0
2026-07-03 10:41:36,0.5619,0.5021,0.8,0.3429,0.15,112.0,0
2026-07-03 12:24:06,0.5601,0.51,0.7581,0.3438,0.141,110.0,0
2026-07-03 13:57:09,0.5671,0.5141,0.7925,0.3445,0.1362,104.0,0
2026-07-03 15:35:32,0.5786,0.5176,0.8889,0.34,0.1393,95.0,0
2026-07-03 17:06:25,0.578,0.5413,0.8,0.3624,0.0952,96.0,0
2026-07-03 18:33:26,0.579,0.5235,0.875,0.3105,0.1589,70.0,0
2026-07-03 20:04:03,,,,,,,0
2026-07-04 00:11:00,,,,,,,0
2026-07-04 03:22:05,,,,,,,0
2026-07-04 05:36:05,,,,,,,0
2026-07-04 07:26:44,0.4847,0.4629,0.5857,0.3875,0.1512,113.0,0
2026-07-04 08:45:15,0.5054,0.4652,0.6543,0.3577,0.1769,109.0,0
2026-07-04 10:37:07,0.565,0.5018,0.8222,0.3386,0.1545,108.0,0
2026-07-04 12:01:36,0.5916,0.5459,0.8254,0.3387,0.108,113.0,0
2026-07-04 13:34:16,0.6465,0.6085,1.0,0.3141,0.0659,101.0,0
2026-07-04 15:13:11,0.633,0.5929,0.9318,0.3191,0.0794,108.0,0
2026-07-04 16:29:19,0.6248,0.5738,0.9524,0.3125,0.1068,99.0,0
2026-07-04 17:30:43,0.567,0.5279,0.7727,0.3511,0.1223,81.0,0
2026-07-04 18:57:37,0.4834,0.4559,0.5949,0.3118,0.2316,54.0,0
2026-07-04 20:05:58,,,,,,,0
2026-07-05 00:39:58,,,,,,,0
2026-07-05 03:56:30,,,,,,,0
2026-07-05 07:54:23,0.6231,0.5767,0.9167,0.3174,0.1,99.0,0
2026-07-05 09:39:01,0.5429,0.4952,0.726,0.3468,0.1543,111.0,0
2026-07-05 11:12:24,0.5427,0.4945,0.7188,0.3467,0.1545,109.0,0
2026-07-05 12:34:02,0.6199,0.5802,0.8824,0.3306,0.0781,113.0,0
2026-07-05 14:03:23,0.6053,0.5657,0.8293,0.3354,0.0915,106.0,0
2026-07-05 15:50:29,0.6109,0.5652,0.875,0.3267,0.1012,99.0,0
2026-07-05 16:59:58,0.5871,0.5436,0.8043,0.3376,0.11,95.0,0
2026-07-05 18:09:27,0.5563,0.5135,0.7556,0.3295,0.1558,73.0,0
2026-07-05 19:35:36,0.5866,0.5319,0.8462,0.3111,0.1522,84.0,0
2026-07-05 23:32:16,,,,,,,0
2026-07-06 04:20:13,,,,,,,0
2026-07-06 08:24:04,0.6315,0.5802,0.9722,0.3107,0.1034,103.0,0
2026-07-06 12:00:04,0.6074,0.5685,0.8462,0.339,0.0814,117.0,0
2026-07-06 14:17:55,0.6343,0.6033,0.925,0.3273,0.0545,103.0,0
2026-07-06 16:24:16,0.6376,0.5959,0.9459,0.3137,0.0833,104.0,0
2026-07-06 17:55:08,0.6496,0.6132,0.975,0.3081,0.0692,120.0,0
2026-07-06 19:07:47,0.6314,0.5906,0.8966,0.3168,0.0863,114.0,0
2026-07-06 21:16:58,,,,,,,0
2026-07-07 01:37:58,,,,,,,0
2026-07-07 05:40:54,,,,,,,0
2026-07-07 08:27:12,0.4152,0.4072,0.4554,0.3092,0.2834,53.0,0
2026-07-07 11:26:56,0.5855,0.5374,0.7963,0.315,0.1437,109.0,0
2026-07-07 13:33:38,0.6744,0.6491,1.0,0.3148,0.0069,118.0,0
2026-07-07 15:54:56,0.4496,0.4259,0.5234,0.2929,0.2831,71.0,0
2026-07-07 17:24:24,0.4086,0.4026,0.4467,0.317,0.2793,50.0,0
2026-07-07 18:37:16,0.6119,0.5753,0.8235,0.3228,0.0966,102.0,0
2026-07-07 19:57:41,,,,,,,0
2026-07-07 23:23:35,,,,,,,0
2026-07-08 02:12:47,,,,,,,0
2026-07-08 05:06:14,,,,,,,0
2026-07-08 07:22:42,0.4882,0.4696,0.5824,0.3942,0.1325,116.0,0
2026-07-08 09:03:37,0.598,0.564,0.7922,0.3385,0.0867,116.0,0
2026-07-08 11:41:27,0.5541,0.5,0.7619,0.3395,0.1565,107.0,0
2026-07-08 13:36:12,0.5615,0.5064,0.7949,0.3459,0.1405,98.0,0
2026-07-08 15:25:10,0.5851,0.5265,0.9143,0.3458,0.1227,92.0,0
2026-07-08 16:43:32,0.5859,0.5446,0.825,0.3488,0.0949,90.0,0
2026-07-08 18:05:23,0.53,0.4885,0.6949,0.3493,0.1531,68.0,0
2026-07-08 19:35:51,0.4216,0.4115,0.4696,0.3352,0.2508,43.0,0
2026-07-08 23:17:06,,,,,,,0
2026-07-09 06:37:08,0.4775,0.4656,0.5562,0.4174,0.117,113.0,0
2026-07-09 09:49:48,0.5283,0.4755,0.7097,0.351,0.1692,109.0,0
2026-07-09 12:27:40,0.5518,0.5024,0.7429,0.3478,0.1447,106.0,0
2026-07-09 14:18:29,0.5612,0.5115,0.7609,0.3511,0.129,100.0,0
2026-07-09 16:18:54,0.5797,0.5429,0.7692,0.3491,0.1,93.0,0
2026-07-09 17:57:22,0.533,0.5,0.6714,0.3547,0.1325,74.0,0
2026-07-09 19:17:03,0.4133,0.4044,0.4571,0.3179,0.279,35.0,0
2026-07-09 21:09:10,,,,,,,0
2026-07-10 01:35:05,,,,,,,0
2026-07-10 05:35:06,,,,,,,0
2026-07-10 08:24:54,0.4874,0.4588,0.6027,0.3702,0.1695,106.0,0
2026-07-10 11:12:07,0.6399,0.6058,0.9737,0.3247,0.056,110.0,0
2026-07-10 13:18:36,0.6039,0.5676,0.8333,0.342,0.0803,110.0,0
2026-07-10 15:00:36,0.5839,0.5536,0.7609,0.3574,0.0725,110.0,0
2026-07-10 16:49:32,0.6351,0.599,0.9333,0.325,0.0625,101.0,0
2026-07-10 18:02:45,0.6028,0.5563,0.8444,0.3267,0.1102,88.0,0
2026-07-10 19:28:53,0.417,0.4058,0.4639,0.3206,0.2754,36.0,0
2026-07-10 21:00:11,,,,,,,0
2026-07-11 00:20:17,,,,,,,0
2026-07-11 02:35:32,,,,,,,0
2026-07-11 04:46:43,,,,,,,0
2026-07-11 06:14:44,0.4979,0.4847,0.5852,0.4162,0.0935,105.0,0
2026-07-11 07:30:11,0.5095,0.4818,0.6277,0.3758,0.1419,104.0,0
2026-07-11 08:33:12,0.5252,0.4905,0.6667,0.3627,0.1417,111.0,0
2026-07-11 10:22:28,0.5455,0.4945,0.7349,0.3505,0.15,110.0,0
2026-07-11 11:30:53,0.5565,0.5067,0.7551,0.3468,0.141,109.0,0
2026-07-11 12:58:25,0.56,0.5225,0.7188,0.3579,0.1096,110.0,0
2026-07-11 13:59:24,0.5728,0.5297,0.7692,0.3535,0.1071,103.0,0
2026-07-11 15:18:04,0.5815,0.5371,0.8125,0.3559,0.0962,97.0,0
2026-07-11 16:23:27,0.6153,0.576,0.875,0.3333,0.0816,95.0,0
2026-07-11 17:22:45,0.5786,0.5391,0.8,0.3592,0.0877,90.0,0
2026-07-11 18:22:41,0.565,0.5197,0.76,0.3308,0.146,77.0,0
2026-07-11 19:27:08,0.4413,0.4258,0.5079,0.3306,0.2418,46.0,0
2026-07-11 21:06:13,,,,,,,0
2026-07-12 00:52:57,,,,,,,0
2026-07-12 03:28:34,,,,,,,0
2026-07-12 05:28:43,,,,,,,0
2026-07-12 06:56:28,0.4744,0.4598,0.5565,0.4113,0.1288,110.0,0
2026-07-12 08:02:44,0.4734,0.4528,0.5741,0.3843,0.1626,106.0,0
2026-07-12 10:03:33,0.5261,0.4762,0.6988,0.3526,0.1671,109.0,0
2026-07-12 11:33:31,0.5272,0.4791,0.6923,0.3522,0.1634,102.0,0
2026-07-12 12:58:39,0.5477,0.5057,0.7119,0.3588,0.1274,107.0,0
2026-07-12 14:03:30,0.5746,0.5312,0.7843,0.3564,0.0995,102.0,0
2026-07-12 15:38:10,0.6174,0.5772,0.9,0.3308,0.0833,93.0,0
2026-07-12 16:48:24,0.5961,0.5604,0.8571,0.3585,0.0604,94.0,0
2026-07-12 17:50:48,0.5795,0.52,0.8788,0.3058,0.1748,73.0,0
2026-07-12 18:49:03,0.4622,0.4395,0.5547,0.332,0.2292,48.0,0
2026-07-12 19:54:19,,,,,,,0
2026-07-12 22:46:30,,,,,,,0
2026-07-13 02:18:51,,,,,,,0
2026-07-13 05:54:11,,,,,,,0
2026-07-13 08:31:22,0.5403,0.4891,0.7344,0.3333,0.1806,94.0,0
2026-07-13 11:43:12,0.6082,0.5726,0.8333,0.3399,0.0777,94.0,0
2026-07-13 13:54:44,0.5606,0.5185,0.7368,0.3533,0.1206,101.0,0
2026-07-13 15:23:07,0.5809,0.54,0.7857,0.3594,0.0897,100.0,0
2026-07-13 16:38:52,0.5731,0.5361,0.7708,0.3578,0.0947,96.0,0
2026-07-13 17:56:32,0.564,0.5149,0.78,0.3284,0.1466,74.0,0
2026-07-13 18:57:24,0.444,0.4274,0.5164,0.3134,0.2597,43.0,1
2026-07-13 19:57:55,,,,,,,0
2026-07-13 22:57:43,,,,,,,0
2026-07-14 01:36:53,,,,,,,0
2026-07-14 04:04:29,,,,,,,0
2026-07-14 06:16:22,0.608,0.5655,0.8444,0.3294,0.0976,100.0,0
2026-07-14 07:54:02,0.5102,0.4783,0.6364,0.3714,0.1491,106.0,1
2026-07-14 09:42:59,0.5387,0.4897,0.725,0.3497,0.1561,103.0,0
2026-07-14 11:22:51,0.6171,0.5895,0.8571,0.3404,0.0519,110.0,0
2026-07-14 12:45:09,0.6073,0.5707,0.82,0.3359,0.0815,99.0,0
2026-07-14 14:03:12,0.5928,0.5556,0.8065,0.3427,0.0914,100.0,0
2026-07-14 15:51:12,0.5588,0.514,0.7568,0.3608,0.1222,92.0,0
2026-07-14 16:59:41,0.5708,0.5321,0.7576,0.3457,0.1176,86.0,0
2026-07-14 18:06:56,0.5956,0.5466,0.8333,0.3257,0.1208,93.0,0
2026-07-14 19:25:01,0.5834,0.5385,0.7917,0.3333,0.1212,90.0,0
2026-07-14 20:50:04,,,,,,,0
2026-07-14 23:57:51,,,,,,,0
2026-07-15 02:21:24,,,,,,,0
2026-07-15 04:42:14,,,,,,,0
2026-07-15 06:49:40,0.5576,0.5153,0.7385,0.3345,0.1494,101.0,0
2026-07-15 08:14:42,0.572,0.531,0.7612,0.3396,0.1264,105.0,0
2026-07-15 10:19:32,0.585,0.5378,0.8033,0.3218,0.1373,98.0,0
2026-07-15 12:01:37,0.5552,0.5076,0.7627,0.3187,0.1752,80.0,0
2026-07-15 13:47:02,0.484,0.4558,0.5833,0.3,0.2476,62.0,1
2026-07-15 15:10:32,0.5926,0.5464,0.8167,0.3182,0.1336,100.0,0
2026-07-15 16:33:05,0.591,0.5429,0.8148,0.3219,0.1304,96.0,0
2026-07-15 18:00:33,0.5873,0.5345,0.8269,0.3153,0.1485,95.0,0
2026-07-15 19:28:19,0.5819,0.5301,0.8293,0.314,0.1569,84.0,0
2026-07-15 20:59:16,,,,,,,0
2026-07-16 00:15:53,,,,,,,0
2026-07-16 02:43:03,,,,,,,0
2026-07-16 05:13:17,,,,,,,0
2026-07-16 07:17:28,0.4745,0.4533,0.5728,0.388,0.1613,103.0,0
2026-07-16 08:59:37,0.4943,0.4588,0.6275,0.3621,0.1786,101.0,0
2026-07-16 11:09:39,0.5518,0.488,0.7885,0.3412,0.1659,101.0,0
2026-07-16 12:49:01,0.5626,0.5159,0.7606,0.3423,0.1356,102.0,0
2026-07-16 14:06:38,0.5568,0.513,0.7463,0.3496,0.1343,92.0,0
2026-07-16 15:41:23,0.584,0.5388,0.8095,0.3394,0.1172,94.0,0
2026-07-16 16:57:33,0.5574,0.521,0.7083,0.3433,0.1381,83.0,0
2026-07-16 18:07:18,0.4702,0.4492,0.5608,0.3389,0.2165,56.0,0
2026-07-16 19:25:17,0.5809,0.5306,0.8214,0.3175,0.1509,91.0,0
2026-07-16 21:01:09,,,,,,,0
2026-07-17 00:41:19,,,,,,,0
2026-07-17 03:16:27,,,,,,,0
2026-07-17 05:27:02,,,,,,,0
2026-07-17 07:06:05,0.4824,0.4612,0.5793,0.3968,0.1405,108.0,0
2026-07-17 08:42:50,0.5707,0.5243,0.7692,0.3435,0.1245,112.0,0
2026-07-17 10:43:29,0.5774,0.5277,0.7925,0.3406,0.1226,114.0,0
2026-07-17 12:15:13,0.5451,0.4932,0.7377,0.346,0.1554,102.0,0
2026-07-17 13:38:22,0.5491,0.4962,0.75,0.3483,0.1494,97.0,0
2026-07-17 15:08:07,0.5658,0.5114,0.8182,0.3562,0.125,93.0,0
2026-07-17 16:27:33,0.5883,0.5504,0.8095,0.3488,0.0905,93.0,0
2026-07-17 17:23:08,0.5798,0.552,0.7619,0.3692,0.064,92.0,0
2026-07-17 18:21:48,0.5236,0.4819,0.68,0.3454,0.1622,61.0,0
2026-07-17 19:24:07,0.4769,0.452,0.5686,0.3226,0.2243,55.0,0
2026-07-17 20:55:37,,,,,,,0
2026-07-17 23:55:12,,,,,,,0
2026-07-18 02:04:44,,,,,,,0
2026-07-18 04:20:05,,,,,,,0
2026-07-18 05:56:21,,,,,,,0
2026-07-18 07:05:26,0.5679,0.529,0.746,0.3467,0.1195,110.0,0
2026-07-18 08:12:38,0.5206,0.4855,0.6602,0.357,0.1579,108.0,0
2026-07-18 09:56:53,0.5479,0.5,0.7324,0.3346,0.1652,107.0,0
2026-07-18 10:57:22,0.5692,0.5238,0.7692,0.321,0.1535,93.0,0
2026-07-18 12:01:58,0.5197,0.4845,0.6667,0.3116,0.2054,78.0,0
2026-07-18 13:30:19,0.4819,0.4596,0.5699,0.3008,0.2426,71.0,1
2026-07-18 14:31:52,0.5362,0.5,0.6914,0.2987,0.2049,89.0,0
2026-07-18 16:03:50,0.5291,0.4948,0.6759,0.2988,0.209,92.0,0
2026-07-18 17:22:55,0.5299,0.4902,0.6931,0.2955,0.2162,84.0,0
2026-07-18 18:22:32,0.5144,0.4815,0.6452,0.2934,0.2278,89.0,0
2026-07-18 19:26:20,0.5155,0.4815,0.6552,0.3048,0.2155,87.0,0
2026-07-18 21:01:48,,,,,,,0
2026-07-19 00:47:52,,,,,,,0
2026-07-19 03:26:41,,,,,,,0
2026-07-19 05:27:36,,,,,,,0
2026-07-19 06:54:50,0.4876,0.4681,0.5804,0.3963,0.1351,109.0,0
2026-07-19 07:58:17,0.4898,0.4636,0.6053,0.3725,0.1633,105.0,0
2026-07-19 09:40:36,0.5306,0.4799,0.7073,0.3515,0.1627,107.0,0
2026-07-19 10:55:18,0.5856,0.5441,0.7812,0.3297,0.1222,101.0,0
2026-07-19 11:57:52,0.5462,0.4863,0.7593,0.3415,0.1684,103.0,0
2026-07-19 13:05:30,0.5474,0.4934,0.746,0.3478,0.1538,99.0,0
2026-07-19 14:27:05,0.5562,0.4981,0.8,0.35,0.1458,93.0,0
2026-07-19 15:42:10,0.5674,0.5115,0.8537,0.3592,0.125,94.0,0
2026-07-19 16:48:31,0.572,0.531,0.7907,0.3629,0.0997,94.0,0
2026-07-19 17:52:46,0.5328,0.4909,0.7,0.3665,0.1246,71.0,0
2026-07-19 18:52:07,0.4425,0.4261,0.5256,0.3144,0.2604,41.0,0
2026-07-19 19:57:04,,,,,,,0
2026-07-19 23:32:26,,,,,,,0
2026-07-20 02:45:31,,,,,,,0
2026-07-20 06:10:34,0.5007,0.4806,0.6,0.403,0.1154,92.0,0
2026-07-20 08:31:25,0.4917,0.4618,0.6182,0.3693,0.1656,102.0,0
2026-07-20 11:11:28,0.5643,0.5142,0.7692,0.3469,0.1303,110.0,0
2026-07-20 12:55:40,0.5462,0.5,0.7258,0.3537,0.1408,98.0,0
2026-07-20 14:52:57,0.5444,0.498,0.7143,0.3654,0.1297,96.0,0
2026-07-20 16:20:49,0.5757,0.5426,0.7632,0.3679,0.0779,94.0,0
2026-07-20 17:43:02,0.549,0.5099,0.7273,0.3709,0.109,77.0,0
2026-07-20 19:00:16,0.4281,0.4137,0.497,0.3168,0.2727,35.0,0
2026-07-20 20:05:16,,,,,,,0
2026-07-20 23:56:02,,,,,,,0
2026-07-21 02:28:58,,,,,,,0
2026-07-21 05:12:38,,,,,,,0
2026-07-21 07:23:37,0.5818,0.5398,0.7761,0.3361,0.1186,104.0,0
2026-07-21 08:53:21,0.5982,0.5594,0.8095,0.3376,0.0928,115.0,0
2026-07-21 11:04:01,0.6169,0.584,0.8485,0.3358,0.0667,116.0,0
2026-07-21 12:55:15,0.6143,0.5767,0.8364,0.3258,0.0915,113.0,0
2026-07-21 14:16:05,0.5973,0.558,0.814,0.3358,0.099,100.0,0
2026-07-21 16:00:37,0.6235,0.5874,0.8596,0.3228,0.0825,109.0,0
2026-07-21 17:39:14,0.6275,0.6,0.8438,0.3333,0.0515,122.0,0
2026-07-21 18:56:55,0.6256,0.5988,0.8364,0.3304,0.0565,121.0,0
2026-07-21 19:57:47,,,,,,,0
2026-07-21 23:19:18,,,,,,,0
2026-07-22 02:10:15,,,,,,,0
2026-07-22 05:08:59,,,,,,,0
2026-07-22 07:25:20,0.6226,0.587,0.8519,0.3273,0.0769,119.0,0
2026-07-22 08:57:35,0.5978,0.5556,0.807,0.3364,0.0996,129.0,0
2026-07-22 11:08:01,0.5661,0.5147,0.775,0.3426,0.1361,113.0,0
2026-07-22 12:55:44,0.5566,0.515,0.7288,0.3522,0.125,104.0,0
2026-07-22 14:07:26,0.6158,0.5789,0.8511,0.3333,0.0802,105.0,0
2026-07-22 15:52:30,0.4477,0.4326,0.5253,0.3343,0.2338,77.0,1
2026-07-22 17:07:13,0.5748,0.5455,0.7458,0.3667,0.0698,99.0,0
2026-07-22 18:33:02,0.5426,0.5,0.7091,0.3471,0.1364,69.0,0
2026-07-22 20:00:25,,,,,,,0
2026-07-22 23:37:15,,,,,,,0
2026-07-23 02:30:01,,,,,,,0
2026-07-23 05:11:42,,,,,,,0
2026-07-23 07:24:29,0.4782,0.4579,0.5738,0.3929,0.1484,108.0,0
2026-07-23 08:58:44,0.486,0.4573,0.6058,0.3708,0.1691,105.0,0
2026-07-23 11:18:24,0.5496,0.4952,0.7576,0.345,0.155,107.0,0
2026-07-23 12:57:16,0.5572,0.5091,0.7458,0.3494,0.1358,105.0,0
2026-07-23 14:16:29,0.5667,0.517,0.7885,0.3549,0.1197,100.0,0
2026-07-23 15:55:21,0.5845,0.5514,0.7917,0.3667,0.0683,98.0,0
2026-07-23 17:04:15,0.58,0.5409,0.8095,0.3659,0.0805,93.0,0
2026-07-23 18:30:56,0.5308,0.487,0.7045,0.3433,0.1569,60.0,0
2026-07-23 20:00:11,,,,,,,0
2026-07-23 23:34:36,,,,,,,0
2026-07-24 02:25:53,,,,,,,0
2026-07-24 05:03:51,,,,,,,0
2026-07-24 07:16:55,0.4687,0.4509,0.5556,0.399,0.1509,107.0,0
2026-07-24 08:57:29,0.4802,0.4516,0.5973,0.3704,0.1752,104.0,0
2026-07-24 11:00:03,0.5369,0.4859,0.7222,0.3505,0.1591,104.0,0
2026-07-24 12:50:28,0.5347,0.4926,0.6885,0.3611,0.1404,100.0,0
2026-07-24 14:17:31,0.5534,0.5027,0.7551,0.3601,0.1269,96.0,0
